feature,p_val,avg_logFC,pct.1,pct.2,p_val_adj,avg_log2FC
JARID2,2.82E-54,0.035000991,0.239,0.271,9.51E-50,0.035000991
CLINT1,4.69E-77,0.035225788,0.471,0.555,1.58E-72,0.035225788
SLBP,1.32E-35,0.035247555,0.667,0.729,4.44E-31,0.035247555
IDH3B,1.62E-61,0.035266355,0.58,0.657,5.45E-57,0.035266355
MMAB,8.99E-54,0.035312224,0.42,0.47,3.03E-49,0.035312224
MESDC2,6.86E-67,0.035370703,0.559,0.638,2.31E-62,0.035370703
SPN,2.62E-60,0.035397043,0.731,0.817,8.84E-56,0.035397043
PTBP1,4.64E-62,0.035407765,0.589,0.666,1.56E-57,0.035407765
PDAP1,1.49E-50,0.035420687,0.761,0.833,5.00E-46,0.035420687
CDV3,3.43E-43,0.035442508,0.709,0.778,1.15E-38,0.035442508
EIF4G1,4.65E-63,0.035442999,0.477,0.549,1.57E-58,0.035442999
VIMP,1.90E-64,0.035443915,0.384,0.446,6.40E-60,0.035443915
LONP1,4.25E-65,0.03547159,0.307,0.348,1.43E-60,0.03547159
VCP,3.98E-57,0.035552121,0.677,0.753,1.34E-52,0.035552121
TNFAIP8,4.60E-56,0.035566623,0.294,0.336,1.55E-51,0.035566623
NKTR,3.54E-58,0.035600827,0.579,0.659,1.19E-53,0.035600827
FASN,1.28E-48,0.035604653,0.261,0.293,4.31E-44,0.035604653
EFTUD2,3.18E-64,0.035745933,0.415,0.474,1.07E-59,0.035745933
SMC1A,1.12E-43,0.03574838,0.575,0.639,3.77E-39,0.03574838
DYNC1H1,1.11E-45,0.035759746,0.381,0.425,3.74E-41,0.035759746
GDI2,1.72E-32,0.035767985,0.834,0.886,5.78E-28,0.035767985
SIGMAR1,3.67E-56,0.03589151,0.381,0.435,1.24E-51,0.03589151
CFD,7.77E-35,0.035934391,0.13,0.142,2.62E-30,0.035934391
RILPL2,1.84E-58,0.036019762,0.625,0.706,6.20E-54,0.036019762
STXBP2,2.73E-70,0.036046964,0.268,0.312,9.20E-66,0.036046964
DHCR7,2.89E-56,0.036074351,0.262,0.3,9.74E-52,0.036074351
MFSD12,8.27E-75,0.036153307,0.282,0.328,2.79E-70,0.036153307
CANX,1.59E-47,0.036160258,0.787,0.857,5.34E-43,0.036160258
IARS2,1.22E-69,0.036165982,0.508,0.585,4.11E-65,0.036165982
ZNF580,5.36E-71,0.036180872,0.488,0.568,1.81E-66,0.036180872
FNBP4,4.13E-71,0.036607759,0.416,0.485,1.39E-66,0.036607759
TMEM147,9.41E-67,0.036608539,0.664,0.75,3.17E-62,0.036608539
MYBL2,1.16E-41,0.036629698,0.497,0.548,3.92E-37,0.036629698
TXNDC17,3.03E-26,0.036643976,0.884,0.927,1.02E-21,0.036643976
KIF5B,8.93E-63,0.036661213,0.574,0.652,3.01E-58,0.036661213
PRDX4,1.36E-22,0.036663936,0.867,0.905,4.59E-18,0.036663936
ENO1,1.97E-05,0.036670568,0.996,0.998,0.662335842,0.036670568
APRT,2.66E-17,0.036741858,0.917,0.947,8.97E-13,0.036741858
IRAK1,4.68E-66,0.036838865,0.456,0.526,1.58E-61,0.036838865
SF3B2,3.05E-34,0.036938071,0.836,0.889,1.03E-29,0.036938071
C9orf78,1.20E-58,0.036963258,0.701,0.781,4.03E-54,0.036963258
FCER1G,3.10E-18,0.036976376,0.174,0.19,1.05E-13,0.036976376
PTPN6,9.28E-69,0.037039769,0.413,0.483,3.13E-64,0.037039769
YTHDC1,1.28E-65,0.037052413,0.491,0.565,4.32E-61,0.037052413
CIAPIN1,2.71E-71,0.037098704,0.408,0.468,9.13E-67,0.037098704
PLAUR,1.39E-30,0.037120454,0.162,0.177,4.68E-26,0.037120454
PRPF38B,1.07E-65,0.037137102,0.575,0.657,3.61E-61,0.037137102
RPL7L1,6.64E-55,0.037171081,0.635,0.709,2.24E-50,0.037171081
FTL,2.49E-07,0.03728942,1,0.999,0.008392191,0.03728942
RPS5,1.94E-18,0.037291149,1,0.999,6.52E-14,0.037291149
HMGCS1,1.73E-40,0.037416713,0.283,0.317,5.83E-36,0.037416713
SF3B1,8.92E-56,0.037490803,0.641,0.716,3.00E-51,0.037490803
PMM2,6.26E-56,0.037520635,0.263,0.293,2.11E-51,0.037520635
CHKA,1.94E-50,0.037663328,0.216,0.237,6.52E-46,0.037663328
HNRNPM,1.78E-21,0.037744175,0.897,0.934,5.99E-17,0.037744175
MRPL12,7.17E-40,0.037777853,0.742,0.806,2.42E-35,0.037777853
TXNRD1,1.70E-57,0.037847845,0.395,0.45,5.73E-53,0.037847845
EIF5,7.56E-46,0.037885839,0.754,0.822,2.55E-41,0.037885839
DDIT4,2.67E-38,0.037925154,0.132,0.153,8.99E-34,0.037925154
CCT8,2.47E-28,0.0379559,0.91,0.952,8.34E-24,0.0379559
ERP29,5.04E-52,0.037993443,0.769,0.845,1.70E-47,0.037993443
PHGDH,6.88E-42,0.038047304,0.69,0.757,2.32E-37,0.038047304
PRKCSH,3.50E-78,0.038242366,0.543,0.63,1.18E-73,0.038242366
CMSS1,1.14E-56,0.038286496,0.621,0.692,3.84E-52,0.038286496
TCEB2,3.07E-10,0.038295925,0.976,0.989,1.03E-05,0.038295925
LRPPRC,5.51E-67,0.038529812,0.452,0.52,1.86E-62,0.038529812
AUP1,4.90E-69,0.03858026,0.557,0.634,1.65E-64,0.03858026
TECR,2.07E-61,0.038633266,0.638,0.715,6.97E-57,0.038633266
BSG,5.95E-45,0.03864483,0.809,0.875,2.00E-40,0.03864483
TMA7,7.90E-06,0.038652391,0.992,0.996,0.266090717,0.038652391
CCDC124,1.94E-55,0.038696989,0.642,0.716,6.53E-51,0.038696989
CD63,2.42E-12,0.038705094,0.952,0.976,8.16E-08,0.038705094
C8orf82,3.49E-39,0.038723474,0.171,0.175,1.17E-34,0.038723474
CRNDE,1.28E-33,0.038771113,0.179,0.186,4.31E-29,0.038771113
HN1,1.14E-31,0.038875302,0.688,0.742,3.85E-27,0.038875302
SLC16A3,4.13E-32,0.038905193,0.136,0.143,1.39E-27,0.038905193
CD84,5.54E-27,0.038935714,0.188,0.192,1.87E-22,0.038935714
TGOLN2,3.85E-65,0.03895155,0.381,0.439,1.30E-60,0.03895155
RABL6,2.10E-68,0.038960973,0.423,0.485,7.08E-64,0.038960973
ECE2,3.47E-61,0.038998866,0.214,0.243,1.17E-56,0.038998866
MYH9,1.22E-64,0.039111907,0.471,0.539,4.10E-60,0.039111907
AIP,5.16E-83,0.039131046,0.433,0.509,1.74E-78,0.039131046
TNFSF13B,6.14E-72,0.039159602,0.47,0.546,2.07E-67,0.039159602
PSMD8,1.48E-29,0.039173765,0.879,0.925,4.99E-25,0.039173765
LAS1L,5.34E-66,0.039182075,0.398,0.457,1.80E-61,0.039182075
NAA10,2.92E-61,0.039231726,0.669,0.748,9.82E-57,0.039231726
ATAD2,8.04E-51,0.039259936,0.514,0.582,2.71E-46,0.039259936
HRH2,4.06E-50,0.039266561,0.185,0.198,1.37E-45,0.039266561
IER2,1.92E-48,0.039283991,0.394,0.446,6.47E-44,0.039283991
SAMM50,9.25E-74,0.03929633,0.551,0.63,3.12E-69,0.03929633
EPN1,9.61E-60,0.039302763,0.423,0.476,3.24E-55,0.039302763
EBP,2.50E-43,0.039375628,0.709,0.771,8.42E-39,0.039375628
TFDP1,4.60E-69,0.039446274,0.554,0.635,1.55E-64,0.039446274
ILF3,2.88E-59,0.039491301,0.737,0.816,9.69E-55,0.039491301
SET,1.75E-09,0.039491705,0.987,0.995,5.88E-05,0.039491705
PSMC3,7.36E-40,0.039637041,0.744,0.806,2.48E-35,0.039637041
TMEM97,1.66E-55,0.039712474,0.551,0.624,5.59E-51,0.039712474
IMP3,1.73E-70,0.03974737,0.553,0.635,5.83E-66,0.03974737
GTPBP4,6.00E-62,0.039988907,0.56,0.637,2.02E-57,0.039988907
PCM1,9.03E-64,0.040031508,0.602,0.681,3.04E-59,0.040031508
HSPBP1,3.37E-51,0.040216104,0.235,0.259,1.13E-46,0.040216104
PSAT1,8.47E-23,0.040342762,0.168,0.174,2.85E-18,0.040342762
BRMS1,2.73E-66,0.040579136,0.383,0.438,9.19E-62,0.040579136
MRPS21,7.39E-28,0.040648703,0.899,0.939,2.49E-23,0.040648703
EXD3,7.74E-25,0.040755699,0.102,0.102,2.61E-20,0.040755699
SYNCRIP,1.58E-45,0.040763841,0.77,0.838,5.34E-41,0.040763841
MT-ND1,3.88E-10,0.040821953,0.999,1,1.31E-05,0.040821953
SNF8,3.29E-61,0.040840163,0.715,0.793,1.11E-56,0.040840163
ENDOG,6.98E-65,0.040922423,0.388,0.439,2.35E-60,0.040922423
SRRM1,8.02E-20,0.040951587,0.912,0.944,2.70E-15,0.040951587
SEC61A1,1.06E-72,0.040959902,0.333,0.383,3.57E-68,0.040959902
MYO1F,1.15E-53,0.041152493,0.24,0.266,3.86E-49,0.041152493
MRPS12,1.26E-48,0.041178757,0.759,0.826,4.26E-44,0.041178757
EEF2,0.000154494,0.041208105,0.998,0.998,1,0.041208105
PSMD3,2.96E-77,0.041274236,0.578,0.66,9.99E-73,0.041274236
YARS,1.10E-69,0.041348444,0.514,0.586,3.72E-65,0.041348444
PUM3,8.84E-65,0.041469599,0.505,0.575,2.98E-60,0.041469599
GAPDH,4.62E-21,0.041575059,1,1,1.56E-16,0.041575059
RPL35,8.51E-22,0.041673926,1,1,2.87E-17,0.041673926
SSR1,2.07E-68,0.041678435,0.435,0.495,6.97E-64,0.041678435
UBL5,8.24E-13,0.041788564,0.966,0.984,2.78E-08,0.041788564
SHMT2,7.16E-68,0.041855593,0.449,0.511,2.41E-63,0.041855593
PHPT1,4.06E-14,0.041880097,0.901,0.927,1.37E-09,0.041880097
HAX1,1.94E-71,0.041937489,0.606,0.685,6.55E-67,0.041937489
ATP5E,0.000161048,0.042098281,0.996,0.997,1,0.042098281
ARRB2,8.82E-69,0.042233389,0.441,0.503,2.97E-64,0.042233389
URI1,6.86E-61,0.042261745,0.602,0.677,2.31E-56,0.042261745
SLC7A5,5.07E-40,0.042341582,0.148,0.146,1.71E-35,0.042341582
PSMA7,1.94E-08,0.042424512,0.973,0.983,0.00065446,0.042424512
RNASEH1,8.76E-70,0.042435008,0.393,0.449,2.95E-65,0.042435008
RAB32,5.78E-86,0.042559041,0.48,0.567,1.95E-81,0.042559041
XRCC6,3.14E-14,0.042631234,0.913,0.937,1.06E-09,0.042631234
PXK,2.77E-51,0.042703438,0.235,0.254,9.34E-47,0.042703438
LYZ,9.98E-60,0.042762705,0.242,0.293,3.36E-55,0.042762705
MFSD10,3.15E-64,0.042771197,0.349,0.397,1.06E-59,0.042771197
NOLC1,2.01E-69,0.042778972,0.541,0.625,6.77E-65,0.042778972
RPS19BP1,4.70E-57,0.04281948,0.691,0.766,1.58E-52,0.04281948
SF3B5,1.27E-20,0.042823298,0.903,0.937,4.28E-16,0.042823298
STUB1,3.84E-62,0.043116438,0.673,0.749,1.29E-57,0.043116438
ST3GAL4,2.29E-54,0.043286208,0.241,0.265,7.71E-50,0.043286208
SSRP1,3.13E-44,0.043445939,0.767,0.83,1.05E-39,0.043445939
CD33,1.03E-77,0.043554456,0.449,0.521,3.46E-73,0.043554456
GFI1B,6.34E-22,0.043599387,0.158,0.16,2.14E-17,0.043599387
COX7B,1.33E-08,0.043706449,0.979,0.987,0.000447965,0.043706449
YDJC,2.09E-75,0.043911329,0.5,0.575,7.04E-71,0.043911329
PTPN7,2.59E-73,0.043931754,0.605,0.691,8.74E-69,0.043931754
PABPC4,4.20E-53,0.044015807,0.595,0.655,1.42E-48,0.044015807
SMARCA4,6.42E-65,0.044186156,0.641,0.715,2.16E-60,0.044186156
HMGN2,2.30E-07,0.044194569,0.991,0.993,0.007757995,0.044194569
SNRPG,1.52E-15,0.044293494,0.959,0.978,5.13E-11,0.044293494
LDHA,1.46E-06,0.044384139,0.985,0.99,0.049277315,0.044384139
C19orf70,9.30E-25,0.044545293,0.882,0.923,3.13E-20,0.044545293
GLUL,1.02E-66,0.044635775,0.377,0.443,3.42E-62,0.044635775
PPP6R1,2.15E-51,0.044661697,0.499,0.545,7.26E-47,0.044661697
SRRM2,3.41E-34,0.044699402,0.878,0.925,1.15E-29,0.044699402
ATP5I,1.02E-15,0.044778744,0.933,0.957,3.45E-11,0.044778744
GADD45GIP1,3.10E-30,0.044787924,0.879,0.922,1.04E-25,0.044787924
FKBP11,1.99E-63,0.044857418,0.522,0.592,6.71E-59,0.044857418
TMED3,4.86E-63,0.044942483,0.665,0.741,1.64E-58,0.044942483
SQLE,3.24E-51,0.044969412,0.578,0.642,1.09E-46,0.044969412
RUVBL1,4.36E-64,0.044983077,0.523,0.59,1.47E-59,0.044983077
TIMM10,2.70E-51,0.045055697,0.742,0.812,9.11E-47,0.045055697
THRAP3,4.02E-36,0.045098225,0.813,0.866,1.36E-31,0.045098225
STRA13,2.51E-68,0.045147499,0.547,0.62,8.45E-64,0.045147499
CHPT1,8.24E-71,0.045250909,0.394,0.452,2.78E-66,0.045250909
PGD,2.43E-72,0.045361662,0.448,0.511,8.19E-68,0.045361662
GRPEL1,3.81E-69,0.045400455,0.283,0.317,1.28E-64,0.045400455
MCM5,1.06E-55,0.04555237,0.671,0.746,3.56E-51,0.04555237
SORD,3.40E-61,0.045591122,0.299,0.327,1.15E-56,0.045591122
PLEKHB2,7.40E-71,0.045596724,0.329,0.375,2.49E-66,0.045596724
DSTN,3.89E-63,0.045670193,0.638,0.718,1.31E-58,0.045670193
DKC1,6.58E-53,0.045944793,0.696,0.767,2.22E-48,0.045944793
HPGDS,1.65E-33,0.045972369,0.24,0.263,5.54E-29,0.045972369
NCOA4,6.54E-83,0.045986252,0.379,0.443,2.20E-78,0.045986252
TDG,9.00E-83,0.046077511,0.428,0.5,3.03E-78,0.046077511
PDCD11,1.15E-63,0.046131318,0.332,0.376,3.87E-59,0.046131318
VAT1,1.43E-36,0.046179014,0.207,0.219,4.83E-32,0.046179014
METTL12,1.56E-56,0.04619129,0.21,0.226,5.24E-52,0.04619129
PSMD7,3.77E-37,0.046193373,0.808,0.862,1.27E-32,0.046193373
SMARCC1,2.93E-59,0.046441291,0.658,0.731,9.88E-55,0.046441291
TIMM8B,9.17E-29,0.046461268,0.865,0.906,3.09E-24,0.046461268
TCF25,1.69E-41,0.046492806,0.81,0.87,5.69E-37,0.046492806
HSPA8,9.00E-05,0.046730533,0.988,0.991,1,0.046730533
TRAP1,1.28E-70,0.046881112,0.484,0.55,4.32E-66,0.046881112
CENPV,1.62E-48,0.046958099,0.546,0.6,5.46E-44,0.046958099
TXNL4A,1.22E-44,0.047071621,0.798,0.86,4.11E-40,0.047071621
MT-CO3,1.37E-22,0.047160542,1,1,4.62E-18,0.047160542
SYNGR2,5.10E-75,0.047413613,0.449,0.515,1.72E-70,0.047413613
IQGAP2,1.23E-57,0.047428665,0.758,0.838,4.14E-53,0.047428665
LSM7,1.15E-06,0.0474653,0.982,0.988,0.038787527,0.0474653
EIF4A1,1.81E-57,0.047595778,0.653,0.725,6.09E-53,0.047595778
ADRBK1,4.39E-63,0.047633193,0.594,0.662,1.48E-58,0.047633193
PNP,4.81E-69,0.047666789,0.462,0.529,1.62E-64,0.047666789
PRMT1,3.89E-19,0.047778454,0.91,0.938,1.31E-14,0.047778454
RUNX1,4.33E-58,0.04790305,0.361,0.399,1.46E-53,0.04790305
DCTPP1,7.07E-36,0.047992118,0.807,0.859,2.38E-31,0.047992118
ATP5A1,4.45E-20,0.048224004,0.946,0.97,1.50E-15,0.048224004
PDIA6,1.10E-42,0.048230595,0.791,0.85,3.69E-38,0.048230595
PRPF6,7.21E-71,0.048317013,0.521,0.591,2.43E-66,0.048317013
ANKRD13D,4.70E-72,0.048342603,0.315,0.359,1.58E-67,0.048342603
YIF1A,3.13E-86,0.048510139,0.44,0.508,1.05E-81,0.048510139
COX7A2,4.45E-10,0.048533759,0.983,0.991,1.50E-05,0.048533759
GHITM,4.57E-44,0.048934908,0.791,0.849,1.54E-39,0.048934908
USP48,1.94E-80,0.048972768,0.383,0.436,6.53E-76,0.048972768
FLNA,1.40E-61,0.049036825,0.324,0.362,4.73E-57,0.049036825
THOP1,9.22E-69,0.049099802,0.327,0.365,3.11E-64,0.049099802
ATF4,8.76E-64,0.049115514,0.745,0.824,2.95E-59,0.049115514
GPATCH4,4.84E-58,0.049118833,0.578,0.645,1.63E-53,0.049118833
MAZ,1.07E-39,0.04912832,0.796,0.847,3.61E-35,0.04912832
ATP5B,4.93E-12,0.049340188,0.972,0.983,1.66E-07,0.049340188
IER3IP1,4.25E-76,0.049478074,0.453,0.517,1.43E-71,0.049478074
ALG3,8.43E-75,0.049497022,0.467,0.529,2.84E-70,0.049497022
COX6B1,4.63E-09,0.04957011,0.987,0.993,0.000155996,0.04957011
CCT5,2.13E-22,0.049582402,0.862,0.897,7.16E-18,0.049582402
HSPA9,4.88E-41,0.049915764,0.778,0.835,1.65E-36,0.049915764
PRELID1,9.50E-15,0.049955499,0.953,0.97,3.20E-10,0.049955499
CCT7,4.63E-44,0.050041462,0.825,0.885,1.56E-39,0.050041462
CCT3,6.69E-27,0.05007868,0.907,0.944,2.25E-22,0.05007868
TKT,1.33E-21,0.050095757,0.946,0.972,4.48E-17,0.050095757
PPIB,2.46E-23,0.050288619,0.933,0.966,8.29E-19,0.050288619
POLE3,3.51E-52,0.050397171,0.724,0.79,1.18E-47,0.050397171
NABP2,3.48E-77,0.050686031,0.447,0.504,1.17E-72,0.050686031
RPS27,2.58E-29,0.050713898,1,1,8.70E-25,0.050713898
SON,4.41E-29,0.050750576,0.893,0.931,1.49E-24,0.050750576
NEAT1,2.14E-13,0.051022183,0.923,0.952,7.21E-09,0.051022183
ATOX1,2.71E-40,0.051032757,0.779,0.835,9.12E-36,0.051032757
ADRM1,4.68E-64,0.051070751,0.67,0.74,1.58E-59,0.051070751
ANXA2,1.73E-68,0.051177731,0.563,0.643,5.83E-64,0.051177731
MRPL41,3.66E-50,0.051199273,0.804,0.869,1.23E-45,0.051199273
FDFT1,1.10E-47,0.051344207,0.66,0.717,3.69E-43,0.051344207
HNRNPU,1.47E-29,0.051622939,0.905,0.946,4.96E-25,0.051622939
UQCR11,2.18E-13,0.051776148,0.963,0.977,7.34E-09,0.051776148
NCL,4.26E-05,0.051784334,0.992,0.995,1,0.051784334
GPI,2.71E-68,0.052083029,0.544,0.606,9.14E-64,0.052083029
RBM39,9.54E-47,0.052518288,0.78,0.839,3.21E-42,0.052518288
RNF24,3.00E-71,0.052593508,0.313,0.35,1.01E-66,0.052593508
GARS,3.70E-75,0.05260144,0.572,0.648,1.25E-70,0.05260144
ECI1,1.95E-61,0.052682835,0.584,0.646,6.56E-57,0.052682835
PYGL,5.97E-76,0.052770453,0.36,0.408,2.01E-71,0.052770453
NDUFB2,1.97E-17,0.052913825,0.937,0.958,6.63E-13,0.052913825
KRTCAP2,3.63E-79,0.053100739,0.554,0.629,1.22E-74,0.053100739
RNF130,1.51E-76,0.053165176,0.641,0.731,5.10E-72,0.053165176
UQCR10,1.13E-16,0.053324607,0.965,0.983,3.79E-12,0.053324607
CEBPZ,1.79E-68,0.053511762,0.562,0.625,6.04E-64,0.053511762
STOML2,3.10E-42,0.053533814,0.844,0.896,1.04E-37,0.053533814
HSP90AB1,4.08E-14,0.053617165,0.999,1,1.37E-09,0.053617165
PGP,7.18E-60,0.053872857,0.536,0.589,2.42E-55,0.053872857
RPL22L1,1.79E-14,0.053947043,0.957,0.975,6.03E-10,0.053947043
BRI3BP,6.54E-73,0.053959755,0.413,0.465,2.20E-68,0.053959755
FAM195A,1.80E-64,0.05401111,0.426,0.475,6.07E-60,0.05401111
FDPS,3.71E-42,0.054084672,0.795,0.848,1.25E-37,0.054084672
RAC3,1.20E-64,0.054153878,0.513,0.569,4.06E-60,0.054153878
ADSS,1.37E-78,0.054314903,0.447,0.506,4.60E-74,0.054314903
ARHGDIA,5.46E-52,0.054480198,0.746,0.809,1.84E-47,0.054480198
RHOG,8.57E-67,0.054917965,0.712,0.788,2.89E-62,0.054917965
DDX21,3.71E-27,0.055046179,0.847,0.885,1.25E-22,0.055046179
PDIA3,5.18E-56,0.055185557,0.791,0.861,1.75E-51,0.055185557
SLC1A5,1.15E-58,0.05542992,0.416,0.458,3.87E-54,0.05542992
HSP90B1,5.60E-39,0.055523868,0.818,0.874,1.89E-34,0.055523868
DDX49,1.18E-62,0.05558887,0.491,0.536,3.97E-58,0.05558887
COPE,8.16E-38,0.055818108,0.893,0.937,2.75E-33,0.055818108
PPM1G,2.19E-34,0.055902931,0.901,0.941,7.37E-30,0.055902931
TUBB6,6.87E-55,0.05600764,0.447,0.492,2.31E-50,0.05600764
DDX18,2.80E-44,0.05601566,0.798,0.854,9.42E-40,0.05601566
ROMO1,3.52E-46,0.056139043,0.859,0.913,1.19E-41,0.056139043
TOMM5,3.42E-58,0.056494011,0.637,0.7,1.15E-53,0.056494011
BOP1,2.97E-70,0.05651558,0.346,0.38,1.00E-65,0.05651558
FKBP4,3.76E-49,0.05667391,0.611,0.661,1.27E-44,0.05667391
CYCS,9.57E-29,0.056786994,0.812,0.853,3.23E-24,0.056786994
RNASET2,9.62E-59,0.056846131,0.518,0.575,3.24E-54,0.056846131
NBEAL1,5.04E-67,0.056861058,0.544,0.607,1.70E-62,0.056861058
GALNT1,4.60E-70,0.057009332,0.58,0.645,1.55E-65,0.057009332
DPM3,4.96E-74,0.057173891,0.595,0.666,1.67E-69,0.057173891
PGK1,1.94E-20,0.057209253,0.93,0.955,6.52E-16,0.057209253
RRBP1,1.11E-64,0.057280447,0.565,0.629,3.75E-60,0.057280447
XBP1,2.93E-57,0.057440633,0.692,0.761,9.88E-53,0.057440633
EBNA1BP2,2.03E-48,0.057570652,0.728,0.788,6.83E-44,0.057570652
EIF4EBP1,7.89E-42,0.057586149,0.817,0.87,2.66E-37,0.057586149
CCDC85B,1.19E-41,0.057809646,0.838,0.893,4.00E-37,0.057809646
PLEK,8.00E-66,0.05791756,0.461,0.513,2.69E-61,0.05791756
POLR2I,1.27E-35,0.058237338,0.848,0.892,4.28E-31,0.058237338
SURF4,2.78E-75,0.058686213,0.331,0.368,9.37E-71,0.058686213
TOMM7,4.35E-12,0.059061986,0.976,0.985,1.47E-07,0.059061986
FAM46A,1.61E-38,0.05911302,0.197,0.2,5.43E-34,0.05911302
NOP56,8.90E-31,0.059196691,0.868,0.906,3.00E-26,0.059196691
EIF3B,2.56E-65,0.05926764,0.683,0.749,8.64E-61,0.05926764
SLC27A2,3.01E-35,0.059304151,0.18,0.174,1.01E-30,0.059304151
DCXR,3.15E-49,0.059706934,0.696,0.75,1.06E-44,0.059706934
MCM3,2.64E-44,0.059764378,0.752,0.808,8.89E-40,0.059764378
SUPT16H,7.80E-45,0.060354379,0.798,0.852,2.63E-40,0.060354379
PODXL2,5.02E-51,0.060823896,0.298,0.314,1.69E-46,0.060823896
RPS26,2.35E-15,0.060825539,0.998,0.999,7.92E-11,0.060825539
MYEOV2,2.95E-38,0.060943497,0.884,0.927,9.93E-34,0.060943497
RPL36,4.02E-48,0.06115488,1,1,1.36E-43,0.06115488
NUDC,1.02E-34,0.061292193,0.842,0.885,3.43E-30,0.061292193
AGPAT2,2.41E-80,0.061525497,0.533,0.602,8.14E-76,0.061525497
ACAT2,7.10E-50,0.061818232,0.659,0.717,2.39E-45,0.061818232
RASGRP2,6.28E-74,0.062019134,0.368,0.412,2.11E-69,0.062019134
ALDOA,3.08E-11,0.062360199,0.99,0.993,1.04E-06,0.062360199
RP5-1171I10.5,5.65E-68,0.062615851,0.468,0.525,1.90E-63,0.062615851
AFG3L2,3.47E-71,0.06306504,0.556,0.616,1.17E-66,0.06306504
BCAP31,1.69E-67,0.063312757,0.696,0.763,5.69E-63,0.063312757
RPL28,1.34E-64,0.063569798,1,1,4.51E-60,0.063569798
MYC,5.21E-31,0.063941408,0.598,0.636,1.76E-26,0.063941408
TPI1,1.07E-13,0.064843928,0.985,0.992,3.60E-09,0.064843928
SLC27A5,3.39E-68,0.06485291,0.443,0.487,1.14E-63,0.06485291
FCER1A,2.49E-07,0.064914835,0.122,0.122,0.008384965,0.064914835
PGAM1,1.36E-24,0.064943995,0.9,0.927,4.57E-20,0.064943995
PRAM1,1.22E-51,0.065039664,0.225,0.219,4.12E-47,0.065039664
POLR2L,4.94E-15,0.06520492,0.959,0.972,1.67E-10,0.06520492
LMO4,5.07E-68,0.065599235,0.384,0.451,1.71E-63,0.065599235
TUFM,9.55E-37,0.066935009,0.906,0.942,3.22E-32,0.066935009
IFITM1,2.45E-70,0.066988698,0.25,0.263,8.27E-66,0.066988698
MLEC,1.59E-67,0.06726816,0.632,0.691,5.36E-63,0.06726816
LRPAP1,2.12E-80,0.067351648,0.569,0.639,7.15E-76,0.067351648
LRRC59,3.20E-78,0.067365176,0.536,0.595,1.08E-73,0.067365176
TMEM258,7.96E-27,0.067528128,0.942,0.965,2.68E-22,0.067528128
ATP6V0B,5.91E-59,0.067746577,0.773,0.836,1.99E-54,0.067746577
MTDH,3.34E-33,0.068179297,0.909,0.946,1.12E-28,0.068179297
H1FX,3.29E-48,0.068749611,0.725,0.792,1.11E-43,0.068749611
MRPL52,1.41E-43,0.068825507,0.846,0.894,4.74E-39,0.068825507
ZEB2,8.97E-49,0.068895786,0.292,0.303,3.02E-44,0.068895786
VDAC1,1.09E-45,0.070157919,0.881,0.929,3.66E-41,0.070157919
GAL,2.05E-47,0.070421507,0.352,0.377,6.89E-43,0.070421507
RPS28,2.89E-59,0.070591075,1,1,9.73E-55,0.070591075
SNHG25,4.78E-68,0.07200726,0.521,0.563,1.61E-63,0.07200726
MRPS34,1.73E-60,0.072310542,0.78,0.839,5.82E-56,0.072310542
FAM107B,1.34E-78,0.072636838,0.353,0.393,4.50E-74,0.072636838
RPL41,5.41E-70,0.07296102,1,1,1.82E-65,0.07296102
SLC39A3,8.00E-57,0.073238938,0.726,0.78,2.69E-52,0.073238938
ODC1,1.11E-34,0.074072239,0.82,0.855,3.75E-30,0.074072239
SPI1,4.28E-81,0.074248642,0.555,0.613,1.44E-76,0.074248642
USMG5,2.55E-31,0.074263467,0.939,0.964,8.60E-27,0.074263467
MRPS26,1.93E-57,0.074343265,0.633,0.677,6.51E-53,0.074343265
SDF2L1,1.83E-67,0.074358021,0.617,0.676,6.17E-63,0.074358021
MT-ND5,4.95E-16,0.074529484,0.998,0.998,1.67E-11,0.074529484
RUVBL2,1.35E-67,0.074583252,0.66,0.717,4.57E-63,0.074583252
C14orf2,1.17E-18,0.074931142,0.983,0.988,3.94E-14,0.074931142
ITGA4,2.30E-61,0.075305048,0.543,0.589,7.73E-57,0.075305048
MT-ND4,8.13E-34,0.075317275,0.999,1,2.74E-29,0.075317275
MT2A,7.78E-45,0.075351633,0.411,0.431,2.62E-40,0.075351633
FBL,7.19E-37,0.075659298,0.918,0.95,2.42E-32,0.075659298
FAM45A,2.56E-83,0.076146841,0.373,0.408,8.61E-79,0.076146841
MT-CYB,8.37E-23,0.076282459,0.999,0.999,2.82E-18,0.076282459
TOMM40,1.25E-40,0.076440014,0.802,0.841,4.20E-36,0.076440014
LGALS1,2.96E-21,0.077050917,0.841,0.888,9.97E-17,0.077050917
TIMM13,2.02E-29,0.077592191,0.929,0.952,6.82E-25,0.077592191
ISOC2,4.42E-54,0.078183906,0.623,0.656,1.49E-49,0.078183906
MCM7,1.63E-34,0.078389852,0.82,0.852,5.48E-30,0.078389852
RPL37A,1.87E-101,0.080301814,1,1,6.30E-97,0.080301814
PRSS57,1.84E-21,0.082287531,0.912,0.941,6.19E-17,0.082287531
SRM,5.46E-24,0.082290489,0.924,0.938,1.84E-19,0.082290489
COTL1,1.44E-66,0.082374077,0.668,0.721,4.86E-62,0.082374077
RPL17,3.07E-75,0.083387467,0.729,0.788,1.03E-70,0.083387467
EIF3A,2.44E-50,0.085408214,0.888,0.935,8.23E-46,0.085408214
HSPD1,7.14E-25,0.08583561,0.973,0.984,2.41E-20,0.08583561
ANXA1,6.15E-64,0.087123361,0.556,0.625,2.07E-59,0.087123361
MYB,7.57E-68,0.087475505,0.406,0.427,2.55E-63,0.087475505
SERBP1,1.01E-26,0.087567375,0.975,0.986,3.41E-22,0.087567375
PA2G4,9.66E-24,0.087673965,0.968,0.979,3.25E-19,0.087673965
CST7,7.97E-23,0.088878906,0.105,0.073,2.68E-18,0.088878906
NME2,1.96E-73,0.089193933,0.302,0.293,6.61E-69,0.089193933
C4orf48,1.48E-70,0.089596273,0.761,0.819,4.98E-66,0.089596273
TRIM28,2.71E-42,0.09095702,0.802,0.822,9.14E-38,0.09095702
TIMP1,1.30E-56,0.090968463,0.71,0.8,4.38E-52,0.090968463
UBE2M,8.70E-43,0.091888252,0.777,0.795,2.93E-38,0.091888252
APLP2,7.68E-81,0.092053455,0.54,0.582,2.59E-76,0.092053455
FARSA,1.82E-83,0.09304917,0.547,0.589,6.14E-79,0.09304917
UQCRQ,4.14E-24,0.093768036,0.975,0.98,1.40E-19,0.093768036
SLIRP,3.07E-32,0.094973017,0.941,0.96,1.03E-27,0.094973017
SAMD1,6.85E-76,0.095137908,0.484,0.51,2.31E-71,0.095137908
MYDGF,4.91E-86,0.095660471,0.704,0.779,1.65E-81,0.095660471
RPL36A,3.05E-29,0.095948064,0.98,0.987,1.03E-24,0.095948064
SNHG19,1.37E-53,0.097285753,0.539,0.562,4.62E-49,0.097285753
RP11-620J15.3,2.51E-66,0.097854176,0.721,0.774,8.44E-62,0.097854176
NUCB2,2.10E-25,0.098253871,0.935,0.949,7.08E-21,0.098253871
CLEC11A,1.23E-51,0.098722392,0.292,0.3,4.15E-47,0.098722392
MATK,6.66E-76,0.099522628,0.513,0.537,2.24E-71,0.099522628
UBE2S,3.62E-30,0.100924569,0.671,0.689,1.22E-25,0.100924569
MT-ND6,2.06E-68,0.1087549,0.678,0.718,6.95E-64,0.1087549
PLIN2,6.92E-46,0.10916873,0.345,0.372,2.33E-41,0.10916873
HCST,1.59E-66,0.110197719,0.6,0.633,5.36E-62,0.110197719
SERPINB1,3.72E-48,0.112895168,0.873,0.921,1.25E-43,0.112895168
MT-ND3,1.83E-88,0.115804936,0.999,0.999,6.17E-84,0.115804936
AC090498.1,1.21E-85,0.117365059,0.742,0.784,4.07E-81,0.117365059
NDUFA13,1.17E-83,0.121099425,0.782,0.817,3.94E-79,0.121099425
HSPA5,4.27E-61,0.121370445,0.72,0.754,1.44E-56,0.121370445
CEBPA,7.00E-57,0.121999179,0.31,0.279,2.36E-52,0.121999179
RPS10,1.22E-63,0.127186858,0.997,0.997,4.11E-59,0.127186858
NAA38,1.49E-64,0.129807115,0.884,0.909,5.01E-60,0.129807115
NPW,5.39E-58,0.132081386,0.571,0.595,1.82E-53,0.132081386
IGFBP2,5.73E-33,0.139853908,0.297,0.3,1.93E-28,0.139853908
FAM101B,2.70E-81,0.140632749,0.668,0.712,9.09E-77,0.140632749
CTSG,2.19E-53,0.140739864,0.364,0.353,7.37E-49,0.140739864
GATA2,7.04E-40,0.15247075,0.263,0.278,2.37E-35,0.15247075
P4HB,4.67E-87,0.164168723,0.802,0.843,1.57E-82,0.164168723
HIST1H4C,1.14E-17,0.194650205,0.951,0.96,3.85E-13,0.194650205
MIF,1.66E-125,0.204303311,0.978,0.979,5.58E-121,0.204303311
SRGN,3.58E-73,0.220963106,0.595,0.683,1.21E-68,0.220963106
CALR,1.73E-65,0.249666288,0.959,0.963,5.82E-61,0.249666288
MPO,9.50E-34,0.286658752,0.107,0.051,3.20E-29,0.286658752
IGLL1,2.37E-82,0.393755166,0.564,0.541,7.98E-78,0.393755166